{
  "feature": "turbidity_voltage_V",
  "seq_len": 60,
  "stride": 10,
  "losses": [
    0.7667307454560485,
    0.08562192081340722,
    0.05347408181322472,
    0.04308453022635409,
    0.03815798055646675,
    0.03299957713378327,
    0.030146631179377437,
    0.023247204089005078,
    0.019620841535340463,
    0.01710841242623116,
    0.015036581000978393,
    0.014695991362844194
  ],
  "calibration": {
    "normal": {
      "keep_fraction": 0.9,
      "q50": 0.0019819247536361217,
      "q90": 0.03164234757423401,
      "q95": 0.056454792618751526,
      "q99": 0.2927347421646118,
      "mean": 0.01686728000640869,
      "std": 0.06082642823457718
    },
    "strict": {
      "keep_fraction": 0.75,
      "q50": 0.0017473604530096054,
      "q90": 0.016189344227313995,
      "q95": 0.05925852060317993,
      "q99": 0.2948702275753021,
      "mean": 0.013878555037081242,
      "std": 0.0533214770257473
    }
  }
}
