{
  "mean": [
    3.4383134841918945
  ],
  "std": [
    0.358321875333786
  ],
  "meta": {
    "feature": "turbidity_voltage_V"
  }
}
