{
  "feature": "air_humidity_pct",
  "seq_len": 60,
  "stride": 10,
  "losses": [
    0.9877504855394363,
    0.8356184852974755,
    0.7491569114582879,
    0.7205350526741573,
    0.6820778378418514,
    0.6798248014279774,
    0.6799113973975182,
    0.6725133444581713,
    0.6608904429844448,
    0.6608471061502185,
    0.6597779989242554,
    0.6764943110091346
  ],
  "calibration": {
    "normal": {
      "keep_fraction": 0.9,
      "q50": 0.4114932417869568,
      "q90": 1.4528313875198364,
      "q95": 1.896008849143982,
      "q99": 4.969343185424805,
      "mean": 0.6697915196418762,
      "std": 0.9239857792854309
    },
    "strict": {
      "keep_fraction": 0.75,
      "q50": 0.44530805945396423,
      "q90": 1.4245034456253052,
      "q95": 1.7662922143936157,
      "q99": 4.1738667488098145,
      "mean": 0.6675029397010803,
      "std": 0.835852324962616
    }
  }
}
