{
  "mean": [
    28.60348129272461
  ],
  "std": [
    9.417628288269043
  ],
  "meta": {
    "feature": "air_humidity_pct"
  }
}
