{
  "feature": "air_temp_C",
  "seq_len": 60,
  "stride": 10,
  "losses": [
    0.8633905170219285,
    0.23666803977851356,
    0.1404675149491855,
    0.12350907289822187,
    0.10155193042010069,
    0.08170868429754462,
    0.07605875828968627,
    0.0599988788765456,
    0.05695483391173184,
    0.05170594794409616,
    0.04280239809304476,
    0.04907270913411464
  ],
  "calibration": {
    "normal": {
      "keep_fraction": 0.9,
      "q50": 0.006708071101456881,
      "q90": 0.030557846650481224,
      "q95": 0.05471320077776909,
      "q99": 0.5886406898498535,
      "mean": 0.036780476570129395,
      "std": 0.2572243809700012
    },
    "strict": {
      "keep_fraction": 0.75,
      "q50": 0.0077080209739506245,
      "q90": 0.03606034070253372,
      "q95": 0.06513933092355728,
      "q99": 0.8411233425140381,
      "mean": 0.04491310939192772,
      "std": 0.33343076705932617
    }
  }
}
