{
  "mean": [
    22.68895721435547
  ],
  "std": [
    0.980190098285675
  ],
  "meta": {
    "feature": "air_temp_C"
  }
}
