{
  "feature": "pH",
  "seq_len": 60,
  "stride": 10,
  "losses": [
    0.8829810853515353,
    0.11741571248109851,
    0.011873963388747402,
    0.008697373792529106,
    0.006799880731185632,
    0.005269267978811902,
    0.004464068400141384,
    0.003766010989368494,
    0.0033823609950819184,
    0.002936435771906482,
    0.0027955127963131027,
    0.0025872780991319034
  ],
  "calibration": {
    "normal": {
      "keep_fraction": 0.9,
      "q50": 0.001517157070338726,
      "q90": 0.0028709061443805695,
      "q95": 0.003790257964283228,
      "q99": 0.009309051558375359,
      "mean": 0.0020410041324794292,
      "std": 0.004038237500935793
    },
    "strict": {
      "keep_fraction": 0.75,
      "q50": 0.0017108344472944736,
      "q90": 0.0034272654447704554,
      "q95": 0.0047698370181024075,
      "q99": 0.012131448835134506,
      "mean": 0.0022933215368539095,
      "std": 0.003440950298681855
    }
  }
}
