{
  "mean": [
    7.1250152587890625
  ],
  "std": [
    1.8687597513198853
  ],
  "meta": {
    "feature": "pH"
  }
}
