{
  "version": "gapfill_v1_per_feature",
  "trained_at_utc": "2026-03-22T04:58:11Z",
  "seq_len": 60,
  "stride": 10,
  "features": [
    "air_temp_C",
    "air_humidity_pct",
    "pH",
    "turbidity_voltage_V",
    "water_temp_C"
  ],
  "mode_keep": {
    "normal": 0.9,
    "strict": 0.75
  },
  "feature_models": {
    "air_temp_C": {
      "dir": "feature_models\\air_temp_C",
      "seq_len": 60,
      "stride": 10,
      "calibration": {
        "normal": {
          "keep_fraction": 0.9,
          "q50": 0.006708071101456881,
          "q90": 0.030557846650481224,
          "q95": 0.05471320077776909,
          "q99": 0.5886406898498535,
          "mean": 0.036780476570129395,
          "std": 0.2572243809700012
        },
        "strict": {
          "keep_fraction": 0.75,
          "q50": 0.0077080209739506245,
          "q90": 0.03606034070253372,
          "q95": 0.06513933092355728,
          "q99": 0.8411233425140381,
          "mean": 0.04491310939192772,
          "std": 0.33343076705932617
        }
      }
    },
    "air_humidity_pct": {
      "dir": "feature_models\\air_humidity_pct",
      "seq_len": 60,
      "stride": 10,
      "calibration": {
        "normal": {
          "keep_fraction": 0.9,
          "q50": 0.4114932417869568,
          "q90": 1.4528313875198364,
          "q95": 1.896008849143982,
          "q99": 4.969343185424805,
          "mean": 0.6697915196418762,
          "std": 0.9239857792854309
        },
        "strict": {
          "keep_fraction": 0.75,
          "q50": 0.44530805945396423,
          "q90": 1.4245034456253052,
          "q95": 1.7662922143936157,
          "q99": 4.1738667488098145,
          "mean": 0.6675029397010803,
          "std": 0.835852324962616
        }
      }
    },
    "pH": {
      "dir": "feature_models\\pH",
      "seq_len": 60,
      "stride": 10,
      "calibration": {
        "normal": {
          "keep_fraction": 0.9,
          "q50": 0.001517157070338726,
          "q90": 0.0028709061443805695,
          "q95": 0.003790257964283228,
          "q99": 0.009309051558375359,
          "mean": 0.0020410041324794292,
          "std": 0.004038237500935793
        },
        "strict": {
          "keep_fraction": 0.75,
          "q50": 0.0017108344472944736,
          "q90": 0.0034272654447704554,
          "q95": 0.0047698370181024075,
          "q99": 0.012131448835134506,
          "mean": 0.0022933215368539095,
          "std": 0.003440950298681855
        }
      }
    },
    "turbidity_voltage_V": {
      "dir": "feature_models\\turbidity_voltage_V",
      "seq_len": 60,
      "stride": 10,
      "calibration": {
        "normal": {
          "keep_fraction": 0.9,
          "q50": 0.0019819247536361217,
          "q90": 0.03164234757423401,
          "q95": 0.056454792618751526,
          "q99": 0.2927347421646118,
          "mean": 0.01686728000640869,
          "std": 0.06082642823457718
        },
        "strict": {
          "keep_fraction": 0.75,
          "q50": 0.0017473604530096054,
          "q90": 0.016189344227313995,
          "q95": 0.05925852060317993,
          "q99": 0.2948702275753021,
          "mean": 0.013878555037081242,
          "std": 0.0533214770257473
        }
      }
    },
    "water_temp_C": {
      "dir": "feature_models\\water_temp_C",
      "seq_len": 60,
      "stride": 10,
      "calibration": {
        "normal": {
          "keep_fraction": 0.9,
          "q50": 0.0028353012166917324,
          "q90": 0.016304628923535347,
          "q95": 0.03252985700964928,
          "q99": 0.1225099116563797,
          "mean": 0.009193899109959602,
          "std": 0.02929042838513851
        },
        "strict": {
          "keep_fraction": 0.75,
          "q50": 0.00299479765817523,
          "q90": 0.016666438430547714,
          "q95": 0.03720373660326004,
          "q99": 0.14686191082000732,
          "mean": 0.011187080293893814,
          "std": 0.05394722521305084
        }
      }
    }
  }
}
