{
  "feature": "water_temp_C",
  "seq_len": 60,
  "stride": 10,
  "losses": [
    0.8846709142838206,
    0.27417669498494696,
    0.10099900580410447,
    0.057248184989605634,
    0.04420504512797509,
    0.03035200181018029,
    0.026573064138314555,
    0.02277925068379513,
    0.021221822393792018,
    0.015492478585136788,
    0.013392079754599504,
    0.011007134420131999
  ],
  "calibration": {
    "normal": {
      "keep_fraction": 0.9,
      "q50": 0.0028353012166917324,
      "q90": 0.016304628923535347,
      "q95": 0.03252985700964928,
      "q99": 0.1225099116563797,
      "mean": 0.009193899109959602,
      "std": 0.02929042838513851
    },
    "strict": {
      "keep_fraction": 0.75,
      "q50": 0.00299479765817523,
      "q90": 0.016666438430547714,
      "q95": 0.03720373660326004,
      "q99": 0.14686191082000732,
      "mean": 0.011187080293893814,
      "std": 0.05394722521305084
    }
  }
}
