{
  "mean": [
    21.656841278076172
  ],
  "std": [
    0.7638504505157471
  ],
  "meta": {
    "feature": "water_temp_C"
  }
}
